{
    "rewards/correctness_reward_func": 1.4814189189189189,
    "rewards/int_reward_func": 0.47888513513513514,
    "rewards/strict_format_reward_func": 0.0,
    "rewards/soft_format_reward_func": 0.0,
    "rewards/xmlcount_reward_func": 0.4763336149421898,
    "reward": 2.4366376577196895,
    "accuracy": 74.07094594594594
}