{
    "rewards/correctness_reward_func": 1.447635135135135,
    "rewards/int_reward_func": 0.4691722972972973,
    "rewards/strict_format_reward_func": 0.0,
    "rewards/soft_format_reward_func": 0.0,
    "rewards/xmlcount_reward_func": 0.34504307584988103,
    "reward": 2.2618505117055534,
    "accuracy": 72.38175675675676
}