{
    "rewards/correctness_reward_func": 1.4307432432432432,
    "rewards/int_reward_func": 0.47381756756756754,
    "rewards/strict_format_reward_func": 0.0,
    "rewards/soft_format_reward_func": 0.0,
    "rewards/xmlcount_reward_func": 0.4740016907453537,
    "reward": 2.3785624914878123,
    "accuracy": 71.53716216216216
}