{
    "rewards/correctness_reward_func": 1.4256756756756757,
    "rewards/int_reward_func": 0.4674831081081081,
    "rewards/strict_format_reward_func": 0.0,
    "rewards/soft_format_reward_func": 0.0,
    "rewards/xmlcount_reward_func": 0.43661739697327484,
    "reward": 2.3297761706887066,
    "accuracy": 71.28378378378379
}