{
    "rewards/correctness_reward_func": 1.4983108108108107,
    "rewards/int_reward_func": 0.47677364864864863,
    "rewards/strict_format_reward_func": 0.0,
    "rewards/soft_format_reward_func": 0.0,
    "rewards/xmlcount_reward_func": 0.47255743315091003,
    "reward": 2.44764188576389,
    "accuracy": 74.91554054054053
}