{
    "rewards/correctness_reward_func": 1.510135135135135,
    "rewards/int_reward_func": 0.47592905405405406,
    "rewards/strict_format_reward_func": 0.0,
    "rewards/soft_format_reward_func": 0.0,
    "rewards/xmlcount_reward_func": 0.48904983095220617,
    "reward": 2.4751140161140546,
    "accuracy": 75.50675675675676
}