{
    "rewards/correctness_reward_func": 0.7195945945945946,
    "rewards/int_reward_func": 0.24408783783783783,
    "rewards/strict_format_reward_func": 0.0,
    "rewards/soft_format_reward_func": 0.0,
    "rewards/xmlcount_reward_func": -0.13220185926184058,
    "reward": 0.8314805659843055,
    "accuracy": 35.97972972972973
}