{
    "rewards/correctness_reward_func": 1.1993243243243243,
    "rewards/int_reward_func": 0.4341216216216216,
    "rewards/strict_format_reward_func": 0.0,
    "rewards/soft_format_reward_func": 0.0,
    "rewards/xmlcount_reward_func": -0.010167228938961352,
    "reward": 1.6232787145150673,
    "accuracy": 59.96621621621622
}