{
    "rewards/correctness_reward_func": 1.4695945945945945,
    "rewards/int_reward_func": 0.47423986486486486,
    "rewards/strict_format_reward_func": 0.0,
    "rewards/soft_format_reward_func": 0.0,
    "rewards/xmlcount_reward_func": 0.489394425540357,
    "reward": 2.433228877750603,
    "accuracy": 73.47972972972973
}