{
    "rewards/correctness_reward_func": 0.27364864864864863,
    "rewards/int_reward_func": 0.0933277027027027,
    "rewards/strict_format_reward_func": 0.0,
    "rewards/soft_format_reward_func": 0.0,
    "rewards/xmlcount_reward_func": -0.1285346288020043,
    "reward": 0.23844172737586336,
    "accuracy": 13.682432432432432
}