{
    "rewards/correctness_reward_func": 1.239864864864865,
    "rewards/int_reward_func": 0.4577702702702703,
    "rewards/strict_format_reward_func": 0.0,
    "rewards/soft_format_reward_func": 0.0,
    "rewards/xmlcount_reward_func": 0.005320100230164826,
    "reward": 1.702955230567101,
    "accuracy": 61.99324324324324
}