{
    "rewards/correctness_reward_func": 0.3327702702702703,
    "rewards/int_reward_func": 0.10810810810810811,
    "rewards/strict_format_reward_func": 0.0,
    "rewards/soft_format_reward_func": 0.0,
    "rewards/xmlcount_reward_func": -0.13828969619715134,
    "reward": 0.3025886822315688,
    "accuracy": 16.638513513513516
}