{
    "rewards/correctness_reward_func": 1.4206081081081081,
    "rewards/int_reward_func": 0.4674831081081081,
    "rewards/strict_format_reward_func": 0.0,
    "rewards/soft_format_reward_func": 0.0,
    "rewards/xmlcount_reward_func": 0.4451638516542074,
    "reward": 2.333255059815742,
    "accuracy": 71.0304054054054
}