{
    "rewards/correctness_reward_func": 1.4780405405405406,
    "rewards/int_reward_func": 0.4670608108108108,
    "rewards/strict_format_reward_func": 0.0,
    "rewards/soft_format_reward_func": 0.0,
    "rewards/xmlcount_reward_func": 0.3591739861546336,
    "reward": 2.3042753354923144,
    "accuracy": 73.90202702702703
}