{
    "rewards/correctness_reward_func": 1.4797297297297298,
    "rewards/int_reward_func": 0.47761824324324326,
    "rewards/strict_format_reward_func": 0.0,
    "rewards/soft_format_reward_func": 0.0,
    "rewards/xmlcount_reward_func": 0.47680152026382655,
    "reward": 2.434149477932904,
    "accuracy": 73.98648648648648
}