{
    "rewards/correctness_reward_func": 0.3277027027027027,
    "rewards/int_reward_func": 0.11824324324324324,
    "rewards/strict_format_reward_func": 0.0,
    "rewards/soft_format_reward_func": 0.0,
    "rewards/xmlcount_reward_func": -0.12670270260423422,
    "reward": 0.31924324618602123,
    "accuracy": 16.385135135135133
}