{
    "rewards/correctness_reward_func": 1.472972972972973,
    "rewards/int_reward_func": 0.47930743243243246,
    "rewards/strict_format_reward_func": 0.0,
    "rewards/soft_format_reward_func": 0.0,
    "rewards/xmlcount_reward_func": 0.3495717886331919,
    "reward": 2.3018521900112563,
    "accuracy": 73.64864864864865
}