{
    "rewards/correctness_reward_func": 1.4493243243243243,
    "rewards/int_reward_func": 0.4670608108108108,
    "rewards/strict_format_reward_func": 0.0,
    "rewards/soft_format_reward_func": 0.0,
    "rewards/xmlcount_reward_func": 0.4559831085640031,
    "reward": 2.3723682398731643,
    "accuracy": 72.46621621621621
}