{
    "rewards/correctness_reward_func": 1.4324324324324325,
    "rewards/int_reward_func": 0.4683277027027027,
    "rewards/strict_format_reward_func": 0.0,
    "rewards/soft_format_reward_func": 0.0,
    "rewards/xmlcount_reward_func": 0.4556123318301665,
    "reward": 2.3563724619311257,
    "accuracy": 71.62162162162163
}