{
    "rewards/correctness_reward_func": 1.3868243243243243,
    "rewards/int_reward_func": 0.4577702702702703,
    "rewards/strict_format_reward_func": 0.0,
    "rewards/soft_format_reward_func": 0.0,
    "rewards/xmlcount_reward_func": 0.3517863200725736,
    "reward": 2.1963809180904077,
    "accuracy": 69.34121621621621
}