{
    "rewards/correctness_reward_func": 1.4375,
    "rewards/int_reward_func": 0.47466216216216217,
    "rewards/strict_format_reward_func": 0.0,
    "rewards/soft_format_reward_func": 0.0,
    "rewards/xmlcount_reward_func": 0.4784805730387971,
    "reward": 2.3906427267435433,
    "accuracy": 71.875
}