{
    "rewards/correctness_reward_func": 1.429054054054054,
    "rewards/int_reward_func": 0.47466216216216217,
    "rewards/strict_format_reward_func": 0.0,
    "rewards/soft_format_reward_func": 0.0,
    "rewards/xmlcount_reward_func": 0.4863910477709126,
    "reward": 2.3901072676117354,
    "accuracy": 71.4527027027027
}