{
    "rewards/correctness_reward_func": 1.464527027027027,
    "rewards/int_reward_func": 0.47466216216216217,
    "rewards/strict_format_reward_func": 0.0,
    "rewards/soft_format_reward_func": 0.0,
    "rewards/xmlcount_reward_func": 0.3438631732620903,
    "reward": 2.2830523639111906,
    "accuracy": 73.22635135135135
}