{
    "metrics": {
        "rewards/correctness_reward_func": 1.0692567567567568,
        "rewards/int_reward_func": 0.38978040540540543,
        "rewards/strict_format_reward_func": 0.0,
        "rewards/soft_format_reward_func": 0.0,
        "rewards/xmlcount_reward_func": -0.05767821041061669,
        "reward": 1.4013589582330472,
        "accuracy": 0.5346283783783784
    },
    "accuracy": 53.46283783783784
}