{
    "metrics": {
        "rewards/correctness_reward_func": 1.4510135135135136,
        "rewards/int_reward_func": 0.47719594594594594,
        "rewards/strict_format_reward_func": 0.0,
        "rewards/soft_format_reward_func": 0.0,
        "rewards/xmlcount_reward_func": 0.47172550615426656,
        "reward": 2.399934970043801,
        "accuracy": 0.7255067567567568
    },
    "accuracy": 72.55067567567568
}