{
    "metrics": {
        "rewards/correctness_reward_func": 1.4070945945945945,
        "rewards/int_reward_func": 0.46452702702702703,
        "rewards/strict_format_reward_func": 0.0,
        "rewards/soft_format_reward_func": 0.0,
        "rewards/xmlcount_reward_func": 0.3669172303902136,
        "reward": 2.2385388483872286,
        "accuracy": 0.7035472972972973
    },
    "accuracy": 70.35472972972973
}