{
    "metrics": {
        "rewards/correctness_reward_func": 1.2736486486486487,
        "rewards/int_reward_func": 0.46072635135135137,
        "rewards/strict_format_reward_func": 0.0,
        "rewards/soft_format_reward_func": 0.0,
        "rewards/xmlcount_reward_func": 0.346824325017027,
        "reward": 2.0811993286416337,
        "accuracy": 0.6368243243243243
    },
    "accuracy": 63.682432432432435
}