{
    "metrics": {
        "rewards/correctness_reward_func": 0.2635135135135135,
        "rewards/int_reward_func": 0.08994932432432433,
        "rewards/strict_format_reward_func": 0.0,
        "rewards/soft_format_reward_func": 0.0,
        "rewards/xmlcount_reward_func": -0.12617567612638547,
        "reward": 0.22728716385726994,
        "accuracy": 0.13175675675675674
    },
    "accuracy": 13.175675675675674
}