{
    "metrics": {
        "rewards/correctness_reward_func": 1.4341216216216217,
        "rewards/int_reward_func": 0.46790540540540543,
        "rewards/strict_format_reward_func": 0.0,
        "rewards/soft_format_reward_func": 0.0,
        "rewards/xmlcount_reward_func": 0.3545498320379773,
        "reward": 2.25657685866227,
        "accuracy": 0.7170608108108109
    },
    "accuracy": 71.70608108108108
}