{
    "metrics": {
        "rewards/correctness_reward_func": 1.116554054054054,
        "rewards/int_reward_func": 0.4184966216216216,
        "rewards/strict_format_reward_func": 0.0,
        "rewards/soft_format_reward_func": 0.0,
        "rewards/xmlcount_reward_func": -0.03280489689771186,
        "reward": 1.5022457662365727,
        "accuracy": 0.558277027027027
    },
    "accuracy": 55.827702702702695
}