{
    "metrics": {
        "rewards/correctness_reward_func": 1.4189189189189189,
        "rewards/int_reward_func": 0.46875,
        "rewards/strict_format_reward_func": 0.0,
        "rewards/soft_format_reward_func": 0.0,
        "rewards/xmlcount_reward_func": 0.45344341123426285,
        "reward": 2.3411123204875635,
        "accuracy": 0.7094594594594594
    },
    "accuracy": 70.94594594594594
}