{
    "metrics": {
        "rewards/correctness_reward_func": 1.4391891891891893,
        "rewards/int_reward_func": 0.4683277027027027,
        "rewards/strict_format_reward_func": 0.0,
        "rewards/soft_format_reward_func": 0.0,
        "rewards/xmlcount_reward_func": 0.37578378376123067,
        "reward": 2.2833006760558567,
        "accuracy": 0.7195945945945946
    },
    "accuracy": 71.95945945945947
}