{
    "metrics": {
        "rewards/correctness_reward_func": 1.464527027027027,
        "rewards/int_reward_func": 0.4814189189189189,
        "rewards/strict_format_reward_func": 0.0,
        "rewards/soft_format_reward_func": 0.0,
        "rewards/xmlcount_reward_func": 0.4724180746722866,
        "reward": 2.4183640206182324,
        "accuracy": 0.7322635135135135
    },
    "accuracy": 73.22635135135135
}