{
    "metrics": {
        "rewards/correctness_reward_func": 0.4814189189189189,
        "rewards/int_reward_func": 0.16047297297297297,
        "rewards/strict_format_reward_func": 0.0,
        "rewards/soft_format_reward_func": 0.0,
        "rewards/xmlcount_reward_func": -0.14789358151422158,
        "reward": 0.49399831084333157,
        "accuracy": 0.24070945945945946
    },
    "accuracy": 24.070945945945947
}