{
    "metrics": {
        "rewards/correctness_reward_func": 1.4341216216216217,
        "rewards/int_reward_func": 0.46621621621621623,
        "rewards/strict_format_reward_func": 0.0,
        "rewards/soft_format_reward_func": 0.0,
        "rewards/xmlcount_reward_func": 0.36935810905856054,
        "reward": 2.269695950521005,
        "accuracy": 0.7170608108108109
    },
    "accuracy": 71.70608108108108
}