{
    "metrics": {
        "rewards/correctness_reward_func": 1.3564189189189189,
        "rewards/int_reward_func": 0.45692567567567566,
        "rewards/strict_format_reward_func": 0.0,
        "rewards/soft_format_reward_func": 0.0,
        "rewards/xmlcount_reward_func": 0.35057010360666224,
        "reward": 2.163914699006725,
        "accuracy": 0.6782094594594594
    },
    "accuracy": 67.82094594594594
}