{
    "metrics": {
        "rewards/correctness_reward_func": 1.3902027027027026,
        "rewards/int_reward_func": 0.4484797297297297,
        "rewards/strict_format_reward_func": 0.0,
        "rewards/soft_format_reward_func": 0.0,
        "rewards/xmlcount_reward_func": 0.339316725730896,
        "reward": 2.177999169439883,
        "accuracy": 0.6951013513513513
    },
    "accuracy": 69.51013513513513
}