{
    "metrics": {
        "rewards/correctness_reward_func": 0.9307432432432432,
        "rewards/int_reward_func": 0.33319256756756754,
        "rewards/strict_format_reward_func": 0.0,
        "rewards/soft_format_reward_func": 0.0,
        "rewards/xmlcount_reward_func": -0.09452955978544983,
        "reward": 1.169406234815314,
        "accuracy": 0.4653716216216216
    },
    "accuracy": 46.53716216216216
}