{
    "metrics": {
        "rewards/correctness_reward_func": 1.3361486486486487,
        "rewards/int_reward_func": 0.44256756756756754,
        "rewards/strict_format_reward_func": 0.0,
        "rewards/soft_format_reward_func": 0.0,
        "rewards/xmlcount_reward_func": 0.33003801026859797,
        "reward": 2.108754235344964,
        "accuracy": 0.6680743243243243
    },
    "accuracy": 66.80743243243244
}