{
    "metrics": {
        "rewards/correctness_reward_func": 1.4307432432432432,
        "rewards/int_reward_func": 0.4691722972972973,
        "rewards/strict_format_reward_func": 0.0,
        "rewards/soft_format_reward_func": 0.0,
        "rewards/xmlcount_reward_func": 0.36032010413504933,
        "reward": 2.2602356627986238,
        "accuracy": 0.7153716216216216
    },
    "accuracy": 71.53716216216216
}