{
    "metrics": {
        "rewards/correctness_reward_func": 1.4239864864864864,
        "rewards/int_reward_func": 0.4670608108108108,
        "rewards/strict_format_reward_func": 0.0,
        "rewards/soft_format_reward_func": 0.0,
        "rewards/xmlcount_reward_func": 0.35432010607139486,
        "reward": 2.245367424713599,
        "accuracy": 0.7119932432432432
    },
    "accuracy": 71.19932432432432
}