{
    "metrics": {
        "rewards/correctness_reward_func": 1.462837837837838,
        "rewards/int_reward_func": 0.4670608108108108,
        "rewards/strict_format_reward_func": 0.0,
        "rewards/soft_format_reward_func": 0.0,
        "rewards/xmlcount_reward_func": 0.36696706228965037,
        "reward": 2.296865716173842,
        "accuracy": 0.731418918918919
    },
    "accuracy": 73.1418918918919
}