{
    "metrics": {
        "rewards/correctness_reward_func": 1.3412162162162162,
        "rewards/int_reward_func": 0.45819256756756754,
        "rewards/strict_format_reward_func": 0.0,
        "rewards/soft_format_reward_func": 0.0,
        "rewards/xmlcount_reward_func": 0.3477187529206276,
        "reward": 2.1471275324757033,
        "accuracy": 0.6706081081081081
    },
    "accuracy": 67.0608108108108
}