{
    "metrics": {
        "rewards/correctness_reward_func": 1.447635135135135,
        "rewards/int_reward_func": 0.4708614864864865,
        "rewards/strict_format_reward_func": 0.0,
        "rewards/soft_format_reward_func": 0.0,
        "rewards/xmlcount_reward_func": 0.32922635101587383,
        "reward": 2.247722976916545,
        "accuracy": 0.7238175675675675
    },
    "accuracy": 72.38175675675676
}