{
    "metrics": {
        "rewards/correctness_reward_func": 1.464527027027027,
        "rewards/int_reward_func": 0.4700168918918919,
        "rewards/strict_format_reward_func": 0.0,
        "rewards/soft_format_reward_func": 0.0,
        "rewards/xmlcount_reward_func": 0.36557770379491755,
        "reward": 2.3001216271439113,
        "accuracy": 0.7322635135135135
    },
    "accuracy": 73.22635135135135
}