{
    "metrics": {
        "rewards/correctness_reward_func": 1.3564189189189189,
        "rewards/int_reward_func": 0.4535472972972973,
        "rewards/strict_format_reward_func": 0.0,
        "rewards/soft_format_reward_func": 0.0,
        "rewards/xmlcount_reward_func": 0.3374315892925134,
        "reward": 2.1473978049046285,
        "accuracy": 0.6782094594594594
    },
    "accuracy": 67.82094594594594
}