{
    "metrics": {
        "rewards/correctness_reward_func": 1.4324324324324325,
        "rewards/int_reward_func": 0.46875,
        "rewards/strict_format_reward_func": 0.0,
        "rewards/soft_format_reward_func": 0.0,
        "rewards/xmlcount_reward_func": 0.35935219639056437,
        "reward": 2.2605346223792515,
        "accuracy": 0.7162162162162162
    },
    "accuracy": 71.62162162162163
}